{
    "0.01": {
        "3": {
            "240": 1.9340153455734252,
            "120": 1.9819092512130738,
            "60": 1.9120447874069213
        }
    }
}